{"cameraMode":{"drawMode":0,"name":"Shaded","section":"Shading Mode"},"sceneLighting":false,"audioPlay":false,"sceneViewState":{"showFog":true,"showMaterialUpdate":true,"showSkybox":true,"showFlares":true,"showImageEffects":true,"showParticleSystems":true},"in2DMode":false,"pivot":{"x":-0.005246371030807495,"y":-0.05082434415817261,"z":0.003784656524658203},"rotation":{"x":0.15903311967849732,"y":0.05183154344558716,"z":-0.008356702513992787,"w":0.9858763217926025},"size":1.1083316802978516,"orthographic":false}