{"cameraMode":{"drawMode":0,"name":"Shaded","section":"Shading Mode"},"sceneLighting":false,"audioPlay":false,"sceneViewState":{"showFog":true,"showMaterialUpdate":false,"showSkybox":true,"showFlares":true,"showImageEffects":true,"showParticleSystems":true},"in2DMode":false,"pivot":{"x":8.217198371887207,"y":0.14269134402275086,"z":2.437000036239624},"rotation":{"x":-0.2735280394554138,"y":-0.16656947135925294,"z":0.04816049337387085,"w":-0.9461065530776978},"size":0.9743599891662598,"orthographic":false}