{"cameraMode":{"drawMode":0,"name":"Shaded","section":"Shading Mode"},"sceneLighting":false,"audioPlay":false,"sceneViewState":{"showFog":true,"showMaterialUpdate":false,"showSkybox":true,"showFlares":true,"showImageEffects":true,"showParticleSystems":true},"in2DMode":false,"pivot":{"x":-24.238248825073243,"y":1.5103085041046143,"z":16.822935104370118},"rotation":{"x":-0.2871818542480469,"y":-0.2685197591781616,"z":0.08422594517469406,"w":-0.915603518486023},"size":5.969670295715332,"orthographic":false}