{"cameraMode":{"drawMode":0,"name":"Shaded","section":"Shading Mode"},"sceneLighting":false,"audioPlay":false,"sceneViewState":{"showFog":true,"showMaterialUpdate":false,"showSkybox":true,"showFlares":true,"showImageEffects":true,"showParticleSystems":true},"in2DMode":false,"pivot":{"x":11.071197509765625,"y":1.1513245105743409,"z":-4.940383434295654},"rotation":{"x":-0.23689594864845277,"y":-0.11651969701051712,"z":0.028634170070290567,"w":-0.9640973210334778},"size":3.2491419315338136,"orthographic":false}