{"cameraMode":{"drawMode":0,"name":"Shaded","section":"Shading Mode"},"sceneLighting":false,"audioPlay":false,"sceneViewState":{"showFog":true,"showMaterialUpdate":false,"showSkybox":true,"showFlares":true,"showImageEffects":true,"showParticleSystems":true},"in2DMode":false,"pivot":{"x":-0.4946136474609375,"y":1.0573172569274903,"z":0.2376394271850586},"rotation":{"x":0.06327654421329498,"y":-0.9085603356361389,"z":0.14933167397975923,"w":0.3849862217903137},"size":8.041611671447754,"orthographic":false}