{"cameraMode":{"drawMode":0,"name":"Shaded","section":"Shading Mode"},"sceneLighting":false,"audioPlay":false,"sceneViewState":{"showFog":true,"showMaterialUpdate":true,"showSkybox":true,"showFlares":true,"showImageEffects":true,"showParticleSystems":true},"in2DMode":false,"pivot":{"x":-0.40909814834594729,"y":-0.35889673233032229,"z":0.07922792434692383},"rotation":{"x":-0.2136840671300888,"y":-0.25984394550323489,"z":0.059073954820632938,"w":-0.9398566484451294},"size":6.061001777648926,"orthographic":false}