{"cameraMode":{"drawMode":0,"name":"Shaded","section":"Shading Mode"},"sceneLighting":false,"audioPlay":false,"sceneViewState":{"showFog":true,"showMaterialUpdate":false,"showSkybox":true,"showFlares":true,"showImageEffects":true,"showParticleSystems":true},"in2DMode":false,"pivot":{"x":6.257090091705322,"y":1.5958123207092286,"z":1.3203754425048829},"rotation":{"x":-0.1731065809726715,"y":-0.16342902183532716,"z":0.029143592342734338,"w":-0.9708119034767151},"size":13.954468727111817,"orthographic":false}