{"cameraMode":{"drawMode":0,"name":"Shaded","section":"Shading Mode"},"sceneLighting":false,"audioPlay":false,"sceneViewState":{"showFog":true,"showMaterialUpdate":false,"showSkybox":true,"showFlares":true,"showImageEffects":true,"showParticleSystems":true},"in2DMode":false,"pivot":{"x":0.000024318695068359375,"y":1.0931153297424317,"z":-0.018565267324447633},"rotation":{"x":-0.2122156322002411,"y":-0.03251264616847038,"z":0.007067190017551184,"w":-0.9766563177108765},"size":4.700790882110596,"orthographic":false}