{"cameraMode":{"drawMode":0,"name":"Shaded","section":"Shading Mode"},"sceneLighting":false,"audioPlay":false,"sceneViewState":{"showFog":true,"showMaterialUpdate":false,"showSkybox":true,"showFlares":true,"showImageEffects":true,"showParticleSystems":true},"in2DMode":false,"pivot":{"x":0.0511978417634964,"y":0.4982033371925354,"z":-1.5569615364074708},"rotation":{"x":0.0011301159393042327,"y":0.9925474524497986,"z":-0.12150343507528305,"w":0.00923187006264925},"size":4.8317790031433109,"orthographic":false}