{"cameraMode":{"drawMode":0,"name":"Shaded","section":"Shading Mode"},"sceneLighting":false,"audioPlay":false,"sceneViewState":{"showFog":true,"showMaterialUpdate":false,"showSkybox":true,"showFlares":true,"showImageEffects":true,"showParticleSystems":true},"in2DMode":false,"pivot":{"x":0.0047454833984375,"y":0.8558659553527832,"z":-0.005260944366455078},"rotation":{"x":0.3728427290916443,"y":-0.15615591406822205,"z":0.0638078898191452,"w":0.9124320149421692},"size":5.203502178192139,"orthographic":false}