{"cameraMode":{"drawMode":0,"name":"Shaded","section":"Shading Mode"},"sceneLighting":true,"audioPlay":false,"sceneViewState":{"showFog":true,"showMaterialUpdate":true,"showSkybox":true,"showFlares":true,"showImageEffects":true,"showParticleSystems":true},"in2DMode":false,"pivot":{"x":46.06572723388672,"y":-71.44680786132813,"z":57.221561431884769},"rotation":{"x":-0.3464910089969635,"y":-0.27753669023513796,"z":0.10810244828462601,"w":-0.8895118236541748},"size":178.68539428710938,"orthographic":false}