{"cameraMode":{"drawMode":0,"name":"Shaded","section":"Shading Mode"},"sceneLighting":false,"audioPlay":false,"sceneViewState":{"showFog":true,"showMaterialUpdate":false,"showSkybox":true,"showFlares":true,"showImageEffects":true,"showParticleSystems":true},"in2DMode":false,"pivot":{"x":-16.066082000732423,"y":2.1424970626831056,"z":15.378421783447266},"rotation":{"x":-0.03521042689681053,"y":0.9475539326667786,"z":-0.11226680129766464,"w":-0.2971499562263489},"size":33.4053955078125,"orthographic":false}