{"cameraMode":{"drawMode":0,"name":"Shaded","section":"Shading Mode"},"sceneLighting":false,"audioPlay":false,"sceneViewState":{"showFog":true,"showMaterialUpdate":true,"showSkybox":true,"showFlares":true,"showImageEffects":true,"showParticleSystems":true},"in2DMode":false,"pivot":{"x":4.526762008666992,"y":1.5938366651535035,"z":-3.869655132293701},"rotation":{"x":0.22113238275051118,"y":-0.06723068654537201,"z":0.015281845815479756,"w":0.9728036522865295},"size":2.1090338230133058,"orthographic":false}