{"cameraMode":{"drawMode":0,"name":"Shaded","section":"Shading Mode"},"sceneLighting":false,"audioPlay":false,"sceneViewState":{"showFog":true,"showMaterialUpdate":true,"showSkybox":true,"showFlares":true,"showImageEffects":true,"showParticleSystems":true},"in2DMode":false,"pivot":{"x":-0.1354084014892578,"y":3.570168972015381,"z":-0.09569251537322998},"rotation":{"x":0.36771678924560549,"y":0.15104500949382783,"z":-0.060663312673568729,"w":0.9155817031860352},"size":14.384257316589356,"orthographic":false}