{"cameraMode":{"drawMode":0,"name":"Shaded","section":"Shading Mode"},"sceneLighting":false,"audioPlay":false,"sceneViewState":{"showFog":true,"showMaterialUpdate":true,"showSkybox":true,"showFlares":true,"showImageEffects":true,"showParticleSystems":true},"in2DMode":false,"pivot":{"x":0.6182889938354492,"y":0.41133248805999758,"z":-47.827152252197269},"rotation":{"x":0.07215515524148941,"y":-0.23964636027812959,"z":0.017862820997834207,"w":0.968010425567627},"size":7.093613147735596,"orthographic":false}