{"cameraMode":{"drawMode":0,"name":"Shaded","section":"Shading Mode"},"sceneLighting":false,"audioPlay":false,"sceneViewState":{"showFog":true,"showMaterialUpdate":false,"showSkybox":true,"showFlares":true,"showImageEffects":true,"showParticleSystems":true},"in2DMode":false,"pivot":{"x":-0.21183109283447267,"y":0.4148979187011719,"z":-0.11731830984354019},"rotation":{"x":0.10443141311407089,"y":-0.7046551704406738,"z":0.10607116669416428,"w":0.6937608122825623},"size":5.540380001068115,"orthographic":false}