{"cameraMode":{"drawMode":0,"name":"Shaded","section":"Shading Mode"},"sceneLighting":false,"audioPlay":false,"sceneViewState":{"showFog":true,"showMaterialUpdate":false,"showSkybox":true,"showFlares":true,"showImageEffects":true,"showParticleSystems":true},"in2DMode":false,"pivot":{"x":0.01209394633769989,"y":1.3610470294952393,"z":-0.07157319784164429},"rotation":{"x":-0.012911208905279637,"y":0.9514209032058716,"z":-0.04027874395251274,"w":-0.3049742877483368},"size":0.33303287625312807,"orthographic":false}