{"cameraMode":{"drawMode":0,"name":"Shaded","section":"Shading Mode"},"sceneLighting":false,"audioPlay":false,"sceneViewState":{"showFog":true,"showMaterialUpdate":true,"showSkybox":true,"showFlares":true,"showImageEffects":true,"showParticleSystems":true},"in2DMode":false,"pivot":{"x":-3.1797637939453127,"y":-0.31002378463745119,"z":-2.7748820781707765},"rotation":{"x":0.31530046463012698,"y":0.35488271713256838,"z":-0.12850689888000489,"w":0.8707065582275391},"size":3.3875808715820314,"orthographic":false}