{"cameraMode":{"drawMode":0,"name":"Shaded","section":"Shading Mode"},"sceneLighting":false,"audioPlay":false,"sceneViewState":{"showFog":true,"showMaterialUpdate":true,"showSkybox":true,"showFlares":true,"showImageEffects":true,"showParticleSystems":true},"in2DMode":false,"pivot":{"x":10.505456924438477,"y":0.542522668838501,"z":-60.20596694946289},"rotation":{"x":0.056607648730278018,"y":0.7613781690597534,"z":-0.06709838658571243,"w":0.6423369646072388},"size":5.857539176940918,"orthographic":false}