{"cameraMode":{"drawMode":0,"name":"Shaded","section":"Shading Mode"},"sceneLighting":false,"audioPlay":false,"sceneViewState":{"showFog":true,"showMaterialUpdate":false,"showSkybox":true,"showFlares":true,"showImageEffects":true,"showParticleSystems":true},"in2DMode":false,"pivot":{"x":-4.124846458435059,"y":-3.064080238342285,"z":0.23613739013671876},"rotation":{"x":0.25004827976226809,"y":-0.31658512353897097,"z":0.08690595626831055,"w":0.9108771085739136},"size":27.41600227355957,"orthographic":false}