{"cameraMode":{"drawMode":0,"name":"Shaded","section":"Shading Mode"},"sceneLighting":false,"audioPlay":false,"sceneViewState":{"showFog":true,"showMaterialUpdate":true,"showSkybox":true,"showFlares":true,"showImageEffects":true,"showParticleSystems":true},"in2DMode":false,"pivot":{"x":3.508197069168091,"y":0.22476518154144288,"z":-8.531960487365723},"rotation":{"x":0.3832474946975708,"y":-0.3337632119655609,"z":0.15085658431053163,"w":0.8479185700416565},"size":1.9375345706939698,"orthographic":false}