{"cameraMode":{"drawMode":0,"name":"Shaded","section":"Shading Mode"},"sceneLighting":false,"audioPlay":false,"sceneViewState":{"showFog":true,"showMaterialUpdate":false,"showSkybox":true,"showFlares":true,"showImageEffects":true,"showParticleSystems":true},"in2DMode":false,"pivot":{"x":0.10833927989006043,"y":1.2091493606567383,"z":0.8545585870742798},"rotation":{"x":0.06044568493962288,"y":-0.8969339728355408,"z":0.12956972420215608,"w":0.41841065883636477},"size":2.51094651222229,"orthographic":false}