{"cameraMode":{"drawMode":0,"name":"Shaded","section":"Shading Mode"},"sceneLighting":false,"audioPlay":false,"sceneViewState":{"showFog":true,"showMaterialUpdate":false,"showSkybox":true,"showFlares":true,"showImageEffects":true,"showParticleSystems":true},"in2DMode":false,"pivot":{"x":0.24008002877235413,"y":0.8940448760986328,"z":-0.24757719039916993},"rotation":{"x":0.29924848675727847,"y":0.007156157400459051,"z":-0.002245357958599925,"w":0.9541457891464233},"size":4.820873737335205,"orthographic":false}