{"cameraMode":{"drawMode":0,"name":"Shaded","section":"Shading Mode"},"sceneLighting":false,"audioPlay":false,"sceneViewState":{"showFog":true,"showMaterialUpdate":true,"showSkybox":true,"showFlares":true,"showImageEffects":true,"showParticleSystems":true},"in2DMode":false,"pivot":{"x":-0.21117010712623597,"y":-0.45676925778388979,"z":1.12916898727417},"rotation":{"x":0.10718068480491638,"y":0.02237520180642605,"z":-0.0024126663338392975,"w":0.9939848780632019},"size":4.975098609924316,"orthographic":false}