{"cameraMode":{"drawMode":0,"name":"Shaded","section":"Shading Mode"},"sceneLighting":false,"audioPlay":false,"sceneViewState":{"showFog":true,"showMaterialUpdate":false,"showSkybox":true,"showFlares":true,"showImageEffects":true,"showParticleSystems":true},"in2DMode":false,"pivot":{"x":1.2501027584075928,"y":0.610221266746521,"z":5.407627105712891},"rotation":{"x":-0.28385019302368166,"y":0.20621612668037415,"z":-0.06264472007751465,"w":-0.9343338012695313},"size":1.1276018619537354,"orthographic":false}