{"cameraMode":{"drawMode":0,"name":"Shaded","section":"Shading Mode"},"sceneLighting":false,"audioPlay":false,"sceneViewState":{"showFog":true,"showMaterialUpdate":false,"showSkybox":true,"showFlares":true,"showImageEffects":true,"showParticleSystems":true},"in2DMode":false,"pivot":{"x":-0.019381940364837648,"y":1.2329368591308594,"z":-0.010227441787719727},"rotation":{"x":0.29924848675727847,"y":0.007156157400459051,"z":-0.002245357958599925,"w":0.9541457891464233},"size":4.466798305511475,"orthographic":false}