{"cameraMode":{"drawMode":0,"name":"Shaded","section":"Shading Mode"},"sceneLighting":false,"audioPlay":false,"sceneViewState":{"showFog":true,"showMaterialUpdate":true,"showSkybox":true,"showFlares":true,"showImageEffects":true,"showParticleSystems":true},"in2DMode":false,"pivot":{"x":0.03705251216888428,"y":0.9454927444458008,"z":0.8623768091201782},"rotation":{"x":0.2021487057209015,"y":0.22823798656463624,"z":-0.048507433384656909,"w":0.9511521458625794},"size":3.4499802589416506,"orthographic":false}