{"cameraMode":{"drawMode":0,"name":"Shaded","section":"Shading Mode"},"sceneLighting":false,"audioPlay":false,"sceneViewState":{"showFog":true,"showMaterialUpdate":false,"showSkybox":true,"showFlares":true,"showImageEffects":true,"showParticleSystems":true},"in2DMode":false,"pivot":{"x":-0.15476757287979127,"y":0.7686071395874023,"z":0.1210012435913086},"rotation":{"x":-0.3722519278526306,"y":0.025055717676877977,"z":0.010052315890789032,"w":0.9277389645576477},"size":2.53627872467041,"orthographic":false}