{"cameraMode":{"drawMode":0,"name":"Shaded","section":"Shading Mode"},"sceneLighting":false,"audioPlay":false,"sceneViewState":{"showFog":true,"showMaterialUpdate":true,"showSkybox":true,"showFlares":true,"showImageEffects":true,"showParticleSystems":true},"in2DMode":false,"pivot":{"x":10.709930419921875,"y":0.9204878211021423,"z":-14.970989227294922},"rotation":{"x":-0.3378731608390808,"y":-0.21039804816246034,"z":0.0777662992477417,"w":-0.9140715599060059},"size":3.2785229682922365,"orthographic":false}