{"cameraMode":{"drawMode":0,"name":"Shaded","section":"Shading Mode"},"sceneLighting":false,"audioPlay":false,"sceneViewState":{"showFog":true,"showMaterialUpdate":false,"showSkybox":true,"showFlares":true,"showImageEffects":true,"showParticleSystems":true},"in2DMode":false,"pivot":{"x":1.7859467267990113,"y":-0.12230253219604492,"z":-0.11188173294067383},"rotation":{"x":0.29924848675727847,"y":0.007156157400459051,"z":-0.002245357958599925,"w":0.9541457891464233},"size":5.7000579833984379,"orthographic":false}