{"cameraMode":{"drawMode":0,"name":"Shaded","section":"Shading Mode"},"sceneLighting":false,"audioPlay":false,"sceneViewState":{"showFog":true,"showMaterialUpdate":false,"showSkybox":true,"showFlares":true,"showImageEffects":true,"showParticleSystems":true},"in2DMode":false,"pivot":{"x":0.9315719604492188,"y":0.19646167755126954,"z":-1.0585570335388184},"rotation":{"x":-0.3063894212245941,"y":-0.1815466433763504,"z":0.05965143442153931,"w":-0.9325277805328369},"size":7.545714855194092,"orthographic":false}