{"cameraMode":{"drawMode":0,"name":"Shaded","section":"Shading Mode"},"sceneLighting":false,"audioPlay":false,"sceneViewState":{"showFog":true,"showMaterialUpdate":false,"showSkybox":true,"showFlares":true,"showImageEffects":true,"showParticleSystems":true},"in2DMode":false,"pivot":{"x":14.615941047668457,"y":-0.27863872051239016,"z":14.664015769958496},"rotation":{"x":-0.13628658652305604,"y":-0.39803948998451235,"z":0.05993179976940155,"w":-0.9052064418792725},"size":5.960488319396973,"orthographic":false}