{"cameraMode":{"drawMode":0,"name":"Shaded","section":"Shading Mode"},"sceneLighting":false,"audioPlay":false,"sceneViewState":{"showFog":true,"showMaterialUpdate":false,"showSkybox":true,"showFlares":true,"showImageEffects":true,"showParticleSystems":true},"in2DMode":false,"pivot":{"x":-0.034652963280677798,"y":0.8965359926223755,"z":0.0701894760131836},"rotation":{"x":-0.4063132405281067,"y":-0.017816029489040376,"z":0.007924110628664494,"w":-0.9135258197784424},"size":4.383574962615967,"orthographic":false}