{"cameraMode":{"drawMode":0,"name":"Shaded","section":"Shading Mode"},"sceneLighting":false,"audioPlay":false,"sceneViewState":{"showFog":true,"showMaterialUpdate":true,"showSkybox":true,"showFlares":true,"showImageEffects":true,"showParticleSystems":true},"in2DMode":false,"pivot":{"x":-8.632315635681153,"y":-0.09796109050512314,"z":31.864885330200197},"rotation":{"x":-0.38162368535995486,"y":-0.003914238885045052,"z":0.0016126353293657303,"w":-0.9243080615997315},"size":0.29662126302719118,"orthographic":false}