{"cameraMode":{"drawMode":0,"name":"Shaded","section":"Shading Mode"},"sceneLighting":false,"audioPlay":false,"sceneViewState":{"showFog":true,"showMaterialUpdate":false,"showSkybox":true,"showFlares":true,"showImageEffects":true,"showParticleSystems":true},"in2DMode":false,"pivot":{"x":-0.0000514984130859375,"y":0.6011432409286499,"z":-0.03296852111816406},"rotation":{"x":-0.3063894212245941,"y":-0.1815466433763504,"z":0.05965143442153931,"w":-0.9325277805328369},"size":8.834368705749512,"orthographic":false}