{"cameraMode":{"drawMode":0,"name":"Shaded","section":"Shading Mode"},"sceneLighting":false,"audioPlay":false,"sceneViewState":{"showFog":true,"showMaterialUpdate":true,"showSkybox":true,"showFlares":true,"showImageEffects":true,"showParticleSystems":true},"in2DMode":false,"pivot":{"x":7.956984043121338,"y":1.1041061878204346,"z":-1.3217689990997315},"rotation":{"x":-0.4910539388656616,"y":-0.0857400968670845,"z":0.04863934591412544,"w":-0.8655339479446411},"size":4.942543983459473,"orthographic":false}