{"cameraMode":{"drawMode":0,"name":"Shaded","section":"Shading Mode"},"sceneLighting":false,"audioPlay":false,"sceneViewState":{"showFog":true,"showMaterialUpdate":false,"showSkybox":true,"showFlares":true,"showImageEffects":true,"showParticleSystems":true},"in2DMode":false,"pivot":{"x":-12.001932144165039,"y":0.942474901676178,"z":-11.60999584197998},"rotation":{"x":-0.24061274528503419,"y":0.2003708779811859,"z":-0.050835736095905307,"w":-0.9483526945114136},"size":5.359446048736572,"orthographic":false}