{"cameraMode":{"drawMode":0,"name":"Shaded","section":"Shading Mode"},"sceneLighting":false,"audioPlay":false,"sceneViewState":{"showFog":true,"showMaterialUpdate":false,"showSkybox":true,"showFlares":true,"showImageEffects":true,"showParticleSystems":true},"in2DMode":false,"pivot":{"x":-3.6697916984558107,"y":1.0453109741210938,"z":-0.5433468818664551},"rotation":{"x":-0.031077055260539056,"y":0.8652838468551636,"z":-0.05406304448843002,"w":-0.4973885416984558},"size":10.634039878845215,"orthographic":false}