{"cameraMode":{"drawMode":0,"name":"Shaded","section":"Shading Mode"},"sceneLighting":false,"audioPlay":false,"sceneViewState":{"showFog":true,"showMaterialUpdate":true,"showSkybox":true,"showFlares":true,"showImageEffects":true,"showParticleSystems":true},"in2DMode":false,"pivot":{"x":8.997177124023438,"y":9.033093452453614,"z":8.999978065490723},"rotation":{"x":0.3628835380077362,"y":0.09758079797029495,"z":-0.03824395313858986,"w":0.9259216785430908},"size":2.8578836917877199,"orthographic":false}