{"cameraMode":{"drawMode":0,"name":"Shaded","section":"Shading Mode"},"sceneLighting":false,"audioPlay":false,"sceneViewState":{"showFog":true,"showMaterialUpdate":false,"showSkybox":true,"showFlares":true,"showImageEffects":true,"showParticleSystems":true},"in2DMode":false,"pivot":{"x":-1.9680187702178956,"y":3.3140783309936525,"z":-0.44822216033935549},"rotation":{"x":0.25964295864105227,"y":-0.07234545052051544,"z":0.01950879767537117,"w":0.9627934098243713},"size":12.78840446472168,"orthographic":false}