{"cameraMode":{"drawMode":0,"name":"Shaded","section":"Shading Mode"},"sceneLighting":false,"audioPlay":false,"sceneViewState":{"showFog":true,"showMaterialUpdate":false,"showSkybox":true,"showFlares":true,"showImageEffects":true,"showParticleSystems":true},"in2DMode":false,"pivot":{"x":-0.19150853157043458,"y":0.8988466262817383,"z":-0.6373187303543091},"rotation":{"x":-0.09707801789045334,"y":-0.30904901027679446,"z":0.03172973915934563,"w":-0.9455463290214539},"size":4.787149906158447,"orthographic":false}