{"cameraMode":{"drawMode":0,"name":"Shaded","section":"Shading Mode"},"sceneLighting":false,"audioPlay":false,"sceneViewState":{"showFog":true,"showMaterialUpdate":false,"showSkybox":true,"showFlares":true,"showImageEffects":true,"showParticleSystems":true},"in2DMode":false,"pivot":{"x":-2.2096052169799806,"y":0.9467856884002686,"z":-1.4634641408920289},"rotation":{"x":0.03143782913684845,"y":-0.705494225025177,"z":0.031358081847429278,"w":0.7073233127593994},"size":0.6452344655990601,"orthographic":false}