{"cameraMode":{"drawMode":0,"name":"Shaded","section":"Shading Mode"},"sceneLighting":false,"audioPlay":false,"sceneViewState":{"showFog":true,"showMaterialUpdate":false,"showSkybox":true,"showFlares":true,"showImageEffects":true,"showParticleSystems":true},"in2DMode":false,"pivot":{"x":-3.6883158683776857,"y":2.883383274078369,"z":4.821353435516357},"rotation":{"x":-0.3041706681251526,"y":-0.2750062942504883,"z":0.09218983352184296,"w":-0.907387912273407},"size":11.132844924926758,"orthographic":false}