{"cameraMode":{"drawMode":0,"name":"Shaded","section":"Shading Mode"},"sceneLighting":true,"audioPlay":false,"sceneViewState":{"showFog":true,"showMaterialUpdate":true,"showSkybox":true,"showFlares":true,"showImageEffects":true,"showParticleSystems":true},"in2DMode":false,"pivot":{"x":2.5403757095336916,"y":1.290262222290039,"z":1.3379762172698975},"rotation":{"x":0.14234527945518495,"y":0.7210189700126648,"z":-0.15548862516880036,"w":0.6600703001022339},"size":6.647500991821289,"orthographic":false}