{"cameraMode":{"drawMode":0,"name":"Shaded","section":"Shading Mode"},"sceneLighting":false,"audioPlay":false,"sceneViewState":{"showFog":true,"showMaterialUpdate":true,"showSkybox":true,"showFlares":true,"showImageEffects":true,"showParticleSystems":true},"in2DMode":false,"pivot":{"x":1.6686773300170899,"y":0.08772605657577515,"z":-0.9927856922149658},"rotation":{"x":0.2393122762441635,"y":0.2998664379119873,"z":-0.07798200845718384,"w":0.9201785922050476},"size":2.27553129196167,"orthographic":false}