{"cameraMode":{"drawMode":0,"name":"Shaded","section":"Shading Mode"},"sceneLighting":false,"audioPlay":false,"sceneViewState":{"showFog":true,"showMaterialUpdate":false,"showSkybox":true,"showFlares":true,"showImageEffects":true,"showParticleSystems":true},"in2DMode":false,"pivot":{"x":-45.780433654785159,"y":114.07921600341797,"z":-6.9708099365234379},"rotation":{"x":0.31915727257728579,"y":-0.019899806007742883,"z":0.0067022996954619888,"w":0.947469174861908},"size":444.0889587402344,"orthographic":false}