{"cameraMode":{"drawMode":0,"name":"Shaded","section":"Shading Mode"},"sceneLighting":false,"audioPlay":false,"sceneViewState":{"showFog":true,"showMaterialUpdate":true,"showSkybox":true,"showFlares":true,"showImageEffects":true,"showParticleSystems":true},"in2DMode":false,"pivot":{"x":-17.080698013305665,"y":1.3280794620513917,"z":9.901152610778809},"rotation":{"x":-0.5009092092514038,"y":-0.06944024562835694,"z":0.040363654494285586,"w":-0.8617649674415588},"size":2.7435667514801027,"orthographic":false}