{"cameraMode":{"drawMode":0,"name":"Shaded","section":"Shading Mode"},"sceneLighting":false,"audioPlay":false,"sceneViewState":{"showFog":true,"showMaterialUpdate":false,"showSkybox":true,"showFlares":true,"showImageEffects":true,"showParticleSystems":true},"in2DMode":false,"pivot":{"x":0.006286680698394775,"y":1.0158326625823975,"z":0.014112293720245362},"rotation":{"x":-0.01856532134115696,"y":-0.9348049163818359,"z":0.04941358044743538,"w":-0.3512171506881714},"size":4.62649393081665,"orthographic":false}