{"cameraMode":{"drawMode":0,"name":"Shaded","section":"Shading Mode"},"sceneLighting":false,"audioPlay":false,"sceneViewState":{"showFog":true,"showMaterialUpdate":false,"showSkybox":true,"showFlares":true,"showImageEffects":true,"showParticleSystems":true},"in2DMode":false,"pivot":{"x":660.83056640625,"y":399.6670837402344,"z":-1.1434326171875},"rotation":{"x":0.00503687746822834,"y":0.022219786420464517,"z":0.00011445219570305198,"w":-0.9997404217720032},"size":307.41119384765627,"orthographic":false}