{"cameraMode":{"drawMode":0,"name":"Shaded","section":"Shading Mode"},"sceneLighting":false,"audioPlay":false,"sceneViewState":{"showFog":true,"showMaterialUpdate":false,"showSkybox":true,"showFlares":true,"showImageEffects":true,"showParticleSystems":true},"in2DMode":false,"pivot":{"x":629.3500366210938,"y":-263.04998779296877,"z":0.0},"rotation":{"x":-0.24535952508449555,"y":-0.12347105890512467,"z":0.031525325030088428,"w":-0.9610201716423035},"size":3766.108154296875,"orthographic":false}