{"cameraMode":{"drawMode":0,"name":"Shaded","section":"Shading Mode"},"sceneLighting":false,"audioPlay":false,"sceneViewState":{"showFog":true,"showMaterialUpdate":false,"showSkybox":true,"showFlares":true,"showImageEffects":true,"showParticleSystems":true},"in2DMode":false,"pivot":{"x":3.569000005722046,"y":0.8411564826965332,"z":0.8312762975692749},"rotation":{"x":-0.2735280394554138,"y":-0.16656947135925294,"z":0.04816049337387085,"w":-0.9461065530776978},"size":4.0497846603393559,"orthographic":false}