{"cameraMode":{"drawMode":0,"name":"Shaded","section":"Shading Mode"},"sceneLighting":false,"audioPlay":false,"sceneViewState":{"showFog":true,"showMaterialUpdate":false,"showSkybox":true,"showFlares":true,"showImageEffects":true,"showParticleSystems":true},"in2DMode":false,"pivot":{"x":0.0401710569858551,"y":0.11860910058021546,"z":-0.01288670301437378},"rotation":{"x":-0.24907486140727998,"y":0.4501756429672241,"z":-0.13234186172485352,"w":-0.8472244143486023},"size":0.6027926206588745,"orthographic":false}