{"cameraMode":{"drawMode":0,"name":"Shaded","section":"Shading Mode"},"sceneLighting":false,"audioPlay":false,"sceneViewState":{"showFog":true,"showMaterialUpdate":true,"showSkybox":true,"showFlares":true,"showImageEffects":true,"showParticleSystems":true},"in2DMode":false,"pivot":{"x":11.797533988952637,"y":-1.5169391632080079,"z":-14.71589469909668},"rotation":{"x":0.44025319814682009,"y":0.02481861598789692,"z":-0.012170935980975628,"w":0.8974480628967285},"size":5.4354143142700199,"orthographic":false}