{"cameraMode":{"drawMode":0,"name":"Shaded","section":"Shading Mode"},"sceneLighting":false,"audioPlay":false,"sceneViewState":{"showFog":true,"showMaterialUpdate":true,"showSkybox":true,"showFlares":true,"showImageEffects":true,"showParticleSystems":true},"in2DMode":false,"pivot":{"x":1.09943425655365,"y":0.5993068218231201,"z":1.6000826358795167},"rotation":{"x":-0.35016506910324099,"y":0.10282857716083527,"z":-0.0387069508433342,"w":-0.9302217960357666},"size":4.5686774253845219,"orthographic":false}