{"cameraMode":{"drawMode":0,"name":"Shaded","section":"Shading Mode"},"sceneLighting":true,"audioPlay":false,"sceneViewState":{"showFog":true,"showMaterialUpdate":true,"showSkybox":true,"showFlares":true,"showImageEffects":true,"showParticleSystems":true},"in2DMode":false,"pivot":{"x":4.371772766113281,"y":0.43158817291259768,"z":2.9236273765563967},"rotation":{"x":-0.40780574083328249,"y":-0.002204847987741232,"z":0.0009836516110226513,"w":-0.9130656123161316},"size":1.5882303714752198,"orthographic":false}