{"cameraMode":{"drawMode":0,"name":"Shaded","section":"Shading Mode"},"sceneLighting":false,"audioPlay":false,"sceneViewState":{"showFog":true,"showMaterialUpdate":false,"showSkybox":true,"showFlares":true,"showImageEffects":true,"showParticleSystems":true},"in2DMode":false,"pivot":{"x":-0.0657338798046112,"y":-0.10647433996200562,"z":0.9033911824226379},"rotation":{"x":0.2034735083580017,"y":-0.1171710416674614,"z":0.024533748626708986,"w":0.971734344959259},"size":1.9427413940429688,"orthographic":false}