{"cameraMode":{"drawMode":0,"name":"Shaded","section":"Shading Mode"},"sceneLighting":false,"audioPlay":false,"sceneViewState":{"showFog":true,"showMaterialUpdate":true,"showSkybox":true,"showFlares":true,"showImageEffects":true,"showParticleSystems":true},"in2DMode":false,"pivot":{"x":-11.707221031188965,"y":2.951347827911377,"z":0.17190313339233399},"rotation":{"x":-0.4591595232486725,"y":-0.09508837014436722,"z":0.04950931295752525,"w":-0.8818614482879639},"size":10.586787223815918,"orthographic":false}