{"cameraMode":{"drawMode":0,"name":"Shaded","section":"Shading Mode"},"sceneLighting":false,"audioPlay":false,"sceneViewState":{"showFog":true,"showMaterialUpdate":true,"showSkybox":true,"showFlares":true,"showImageEffects":true,"showParticleSystems":true},"in2DMode":false,"pivot":{"x":-17.016761779785158,"y":2.8676352500915529,"z":-0.9070618748664856},"rotation":{"x":0.379740446805954,"y":0.045764174312353137,"z":-0.018813008442521097,"w":0.9237688779830933},"size":10.60639762878418,"orthographic":false}