{"cameraMode":{"drawMode":0,"name":"Shaded","section":"Shading Mode"},"sceneLighting":false,"audioPlay":false,"sceneViewState":{"showFog":true,"showMaterialUpdate":false,"showSkybox":true,"showFlares":true,"showImageEffects":true,"showParticleSystems":true},"in2DMode":false,"pivot":{"x":-0.07677048444747925,"y":1.2918412685394288,"z":-2.7402119636535646},"rotation":{"x":0.06044568493962288,"y":-0.8969339728355408,"z":0.12956972420215608,"w":0.41841065883636477},"size":4.590282917022705,"orthographic":false}