{"cameraMode":{"drawMode":0,"name":"Shaded","section":"Shading Mode"},"sceneLighting":false,"audioPlay":false,"sceneViewState":{"showFog":true,"showMaterialUpdate":false,"showSkybox":true,"showFlares":true,"showImageEffects":true,"showParticleSystems":true},"in2DMode":false,"pivot":{"x":-32.860206604003909,"y":2.7647953033447267,"z":-11.793797492980957},"rotation":{"x":-0.2443920075893402,"y":0.02155708707869053,"z":-0.005429786164313555,"w":-0.9694216847419739},"size":3.900463104248047,"orthographic":false}