{"cameraMode":{"drawMode":0,"name":"Shaded","section":"Shading Mode"},"sceneLighting":false,"audioPlay":false,"sceneViewState":{"showFog":true,"showMaterialUpdate":true,"showSkybox":true,"showFlares":true,"showImageEffects":true,"showParticleSystems":true},"in2DMode":false,"pivot":{"x":27.087360382080079,"y":2.151810884475708,"z":-31.137008666992189},"rotation":{"x":-0.37381818890571597,"y":-0.16914059221744538,"z":0.06953484565019608,"w":-0.9092944264411926},"size":0.9398952126502991,"orthographic":false}