{"cameraMode":{"drawMode":0,"name":"Shaded","section":"Shading Mode"},"sceneLighting":false,"audioPlay":false,"sceneViewState":{"showFog":true,"showMaterialUpdate":false,"showSkybox":true,"showFlares":true,"showImageEffects":true,"showParticleSystems":true},"in2DMode":false,"pivot":{"x":347.99383544921877,"y":373.7232360839844,"z":43.31982421875},"rotation":{"x":-0.008461722172796727,"y":-0.0032779965549707414,"z":0.000030220604458008893,"w":-0.9999588131904602},"size":1456.5357666015625,"orthographic":false}