{"cameraMode":{"drawMode":0,"name":"Shaded","section":"Shading Mode"},"sceneLighting":false,"audioPlay":false,"sceneViewState":{"showFog":true,"showMaterialUpdate":false,"showSkybox":true,"showFlares":true,"showImageEffects":true,"showParticleSystems":true},"in2DMode":false,"pivot":{"x":-0.06193256378173828,"y":-0.26288580894470217,"z":0.0},"rotation":{"x":-0.050963908433914188,"y":0.9310550093650818,"z":-0.14301133155822755,"w":-0.33179372549057009},"size":3.192535400390625,"orthographic":false}