{"cameraMode":{"drawMode":0,"name":"Shaded","section":"Shading Mode"},"sceneLighting":false,"audioPlay":false,"sceneViewState":{"showFog":true,"showMaterialUpdate":true,"showSkybox":true,"showFlares":true,"showImageEffects":true,"showParticleSystems":true},"in2DMode":false,"pivot":{"x":8.736446380615235,"y":1.2700203657150269,"z":-18.029935836791993},"rotation":{"x":-0.3378731608390808,"y":-0.21039804816246034,"z":0.0777662992477417,"w":-0.9140715599060059},"size":6.305088043212891,"orthographic":false}