{"cameraMode":{"drawMode":0,"name":"Shaded","section":"Shading Mode"},"sceneLighting":false,"audioPlay":false,"sceneViewState":{"showFog":true,"showMaterialUpdate":false,"showSkybox":true,"showFlares":true,"showImageEffects":true,"showParticleSystems":true},"in2DMode":false,"pivot":{"x":29.953651428222658,"y":-6.768923759460449,"z":-14.448846817016602},"rotation":{"x":-0.3418715298175812,"y":0.01383510697633028,"z":-0.005030883476138115,"w":-0.9396314024925232},"size":21.606616973876954,"orthographic":false}