{"cameraMode":{"drawMode":0,"name":"Shaded","section":"Shading Mode"},"sceneLighting":false,"audioPlay":false,"sceneViewState":{"showFog":true,"showMaterialUpdate":true,"showSkybox":true,"showFlares":true,"showImageEffects":true,"showParticleSystems":true},"in2DMode":false,"pivot":{"x":10.430200576782227,"y":1.0421257019042969,"z":0.03255891799926758},"rotation":{"x":0.31530046463012698,"y":0.35488271713256838,"z":-0.12850689888000489,"w":0.8707065582275391},"size":6.559935092926025,"orthographic":false}