{"cameraMode":{"drawMode":0,"name":"Shaded","section":"Shading Mode"},"sceneLighting":false,"audioPlay":false,"sceneViewState":{"showFog":true,"showMaterialUpdate":false,"showSkybox":true,"showFlares":true,"showImageEffects":true,"showParticleSystems":true},"in2DMode":false,"pivot":{"x":-0.12719768285751344,"y":-0.158017098903656,"z":0.9678722620010376},"rotation":{"x":-0.2193066030740738,"y":0.41775792837142947,"z":-0.10464552789926529,"w":-0.8754611611366272},"size":2.349438428878784,"orthographic":false}