{"cameraMode":{"drawMode":0,"name":"Shaded","section":"Shading Mode"},"sceneLighting":false,"audioPlay":false,"sceneViewState":{"showFog":true,"showMaterialUpdate":false,"showSkybox":true,"showFlares":true,"showImageEffects":true,"showParticleSystems":true},"in2DMode":false,"pivot":{"x":-2.2119264602661135,"y":0.4320248067378998,"z":0.03905916213989258},"rotation":{"x":0.1042230948805809,"y":0.0044755954295396809,"z":-0.00046995398588478565,"w":0.9945438504219055},"size":2.231886386871338,"orthographic":false}