{"cameraMode":{"drawMode":0,"name":"Shaded","section":"Shading Mode"},"sceneLighting":false,"audioPlay":false,"sceneViewState":{"showFog":true,"showMaterialUpdate":false,"showSkybox":true,"showFlares":true,"showImageEffects":true,"showParticleSystems":true},"in2DMode":false,"pivot":{"x":2.635195255279541,"y":-2.43300199508667,"z":11.838207244873047},"rotation":{"x":-0.0978279784321785,"y":-0.09183276444673538,"z":0.009065885096788407,"w":-0.9909158945083618},"size":15.890704154968262,"orthographic":false}