{"cameraMode":{"drawMode":0,"name":"Shaded","section":"Shading Mode"},"sceneLighting":false,"audioPlay":false,"sceneViewState":{"showFog":true,"showMaterialUpdate":false,"showSkybox":true,"showFlares":true,"showImageEffects":true,"showParticleSystems":true},"in2DMode":false,"pivot":{"x":0.090667724609375,"y":-0.046163082122802737,"z":-0.10393428802490235},"rotation":{"x":-0.29239892959594729,"y":-0.22278612852096559,"z":0.07025040686130524,"w":-0.9273263216018677},"size":5.041686058044434,"orthographic":false}