{"cameraMode":{"drawMode":0,"name":"Shaded","section":"Shading Mode"},"sceneLighting":false,"audioPlay":false,"sceneViewState":{"showFog":true,"showMaterialUpdate":false,"showSkybox":true,"showFlares":true,"showImageEffects":true,"showParticleSystems":true},"in2DMode":false,"pivot":{"x":0.1287163496017456,"y":0.6448436379432678,"z":-0.28884121775627139},"rotation":{"x":-0.3435342609882355,"y":-0.039427757263183597,"z":0.01443692296743393,"w":-0.9382010698318481},"size":3.8296093940734865,"orthographic":false}