{"cameraMode":{"drawMode":0,"name":"Shaded","section":"Shading Mode"},"sceneLighting":false,"audioPlay":false,"sceneViewState":{"showFog":true,"showMaterialUpdate":true,"showSkybox":true,"showFlares":true,"showImageEffects":true,"showParticleSystems":true},"in2DMode":false,"pivot":{"x":3.112548351287842,"y":1.3466966152191163,"z":-61.05424880981445},"rotation":{"x":-0.4554671347141266,"y":-0.1308223158121109,"z":0.0678652748465538,"w":-0.877968966960907},"size":4.630412578582764,"orthographic":false}