{"cameraMode":{"drawMode":0,"name":"Shaded","section":"Shading Mode"},"sceneLighting":false,"audioPlay":false,"sceneViewState":{"showFog":true,"showMaterialUpdate":false,"showSkybox":true,"showFlares":true,"showImageEffects":true,"showParticleSystems":true},"in2DMode":false,"pivot":{"x":22.477338790893556,"y":-0.015472412109375,"z":-0.3479347229003906},"rotation":{"x":0.29924848675727847,"y":0.007156157400459051,"z":-0.002245357958599925,"w":0.9541457891464233},"size":28.221099853515626,"orthographic":false}