{"cameraMode":{"drawMode":0,"name":"Shaded","section":"Shading Mode"},"sceneLighting":false,"audioPlay":false,"sceneViewState":{"showFog":true,"showMaterialUpdate":false,"showSkybox":true,"showFlares":true,"showImageEffects":true,"showParticleSystems":true},"in2DMode":false,"pivot":{"x":0.01744002103805542,"y":2.7005066871643068,"z":0.098879873752594},"rotation":{"x":0.29924848675727847,"y":0.007156157400459051,"z":-0.002245357958599925,"w":0.9541457891464233},"size":11.46091079711914,"orthographic":false}