{"cameraMode":{"drawMode":0,"name":"Shaded","section":"Shading Mode"},"sceneLighting":false,"audioPlay":false,"sceneViewState":{"showFog":true,"showMaterialUpdate":true,"showSkybox":true,"showFlares":true,"showImageEffects":true,"showParticleSystems":true},"in2DMode":false,"pivot":{"x":29.18000030517578,"y":0.08159898966550827,"z":-58.04768371582031},"rotation":{"x":0.3706389367580414,"y":0.3532359004020691,"z":-0.1549590677022934,"w":0.8448898792266846},"size":1.1598137617111207,"orthographic":false}