{"cameraMode":{"drawMode":0,"name":"Shaded","section":"Shading Mode"},"sceneLighting":false,"audioPlay":false,"sceneViewState":{"showFog":true,"showMaterialUpdate":false,"showSkybox":true,"showFlares":true,"showImageEffects":true,"showParticleSystems":true},"in2DMode":false,"pivot":{"x":4.94304084777832,"y":-0.3790820837020874,"z":2.541447401046753},"rotation":{"x":-0.2495311200618744,"y":0.07372718304395676,"z":-0.019054347649216653,"w":-0.9653680324554443},"size":2.2097225189208986,"orthographic":false}