{"cameraMode":{"drawMode":0,"name":"Shaded","section":"Shading Mode"},"sceneLighting":false,"audioPlay":false,"sceneViewState":{"showFog":true,"showMaterialUpdate":true,"showSkybox":true,"showFlares":true,"showImageEffects":true,"showParticleSystems":true},"in2DMode":false,"pivot":{"x":-2.8431589603424074,"y":1.9692707061767579,"z":3.581317901611328},"rotation":{"x":0.31686142086982729,"y":0.4698495864868164,"z":-0.18544787168502809,"w":0.802776038646698},"size":3.1959784030914308,"orthographic":false}