{"cameraMode":{"drawMode":0,"name":"Shaded","section":"Shading Mode"},"sceneLighting":false,"audioPlay":false,"sceneViewState":{"showFog":true,"showMaterialUpdate":false,"showSkybox":true,"showFlares":true,"showImageEffects":true,"showParticleSystems":true},"in2DMode":false,"pivot":{"x":3.6713104248046877,"y":-2.160645008087158,"z":3.3940165042877199},"rotation":{"x":0.34546518325805666,"y":0.3237012028694153,"z":-0.12832431495189668,"w":0.8714380860328674},"size":10.54323673248291,"orthographic":false}