{"cameraMode":{"drawMode":0,"name":"Shaded","section":"Shading Mode"},"sceneLighting":false,"audioPlay":false,"sceneViewState":{"showFog":true,"showMaterialUpdate":false,"showSkybox":true,"showFlares":true,"showImageEffects":true,"showParticleSystems":true},"in2DMode":false,"pivot":{"x":-675.9801025390625,"y":-382.6300048828125,"z":-4.309999942779541},"rotation":{"x":0.1828082650899887,"y":0.02871732786297798,"z":-0.005340052302926779,"w":0.9827145934104919},"size":135.43966674804688,"orthographic":false}