{"cameraMode":{"drawMode":0,"name":"Shaded","section":"Shading Mode"},"sceneLighting":false,"audioPlay":false,"sceneViewState":{"showFog":true,"showMaterialUpdate":true,"showSkybox":true,"showFlares":true,"showImageEffects":true,"showParticleSystems":true},"in2DMode":false,"pivot":{"x":0.0,"y":1.6096999645233155,"z":-0.42500001192092898},"rotation":{"x":0.2021487057209015,"y":0.22823798656463624,"z":-0.048507433384656909,"w":0.9511521458625794},"size":1.3863070011138917,"orthographic":false}