{"cameraMode":{"drawMode":0,"name":"Shaded","section":"Shading Mode"},"sceneLighting":false,"audioPlay":false,"sceneViewState":{"showFog":true,"showMaterialUpdate":true,"showSkybox":true,"showFlares":true,"showImageEffects":true,"showParticleSystems":true},"in2DMode":false,"pivot":{"x":18.507936477661134,"y":0.9275486469268799,"z":-18.94355583190918},"rotation":{"x":-0.3378731608390808,"y":-0.21039804816246034,"z":0.0777662992477417,"w":-0.9140715599060059},"size":3.5861001014709474,"orthographic":false}