{"cameraMode":{"drawMode":0,"name":"Shaded","section":"Shading Mode"},"sceneLighting":false,"audioPlay":false,"sceneViewState":{"showFog":true,"showMaterialUpdate":false,"showSkybox":true,"showFlares":true,"showImageEffects":true,"showParticleSystems":true},"in2DMode":false,"pivot":{"x":0.4875500500202179,"y":1.3160265684127808,"z":-0.32826995849609377},"rotation":{"x":-0.20717935264110566,"y":-0.14204126596450807,"z":0.030420463532209398,"w":-0.9674583673477173},"size":3.5407471656799318,"orthographic":false}